Date, Open, High, Low, Close, Volume
2000-01-03 00:00:00-05:00, 13.856684048560357, 13.856684048560357, 13.23623550907258, 13.356878280639648, 13705800.0
2000-01-04 00:00:00-05:00, 13.167294966667605, 13.218999004494833, 12.391734399259173, 12.564081192016602, 27293400.0
2000-01-05 00:00:00-05:00, 12.426207519127523, 12.805370577963592, 12.271095358694586, 12.7019624710083, 22855600.0
2000-01-06 00:00:00-05:00, 12.943246960639954, 13.78774642944336, 12.891542911529541, 13.78774642944336, 17307000.0
2000-01-07 00:00:00-05:00, 13.68433286351019, 13.68433286351019, 13.236231283596759, 13.425812721252441, 11632800.0
2000-01-10 00:00:00-05:00, 13.494745894949487, 13.494745894949487, 12.874297807825373, 12.960471153259277, 11152800.0
2000-01-11 00:00:00-05:00, 12.564083933830261, 12.943246960639954, 12.564083933830261, 12.68472671508789, 11064400.0
2000-01-12 00:00:00-05:00, 12.684725771668136, 12.977715361502861, 12.684725771668136, 12.822603225708008, 11067600.0
2000-01-13 00:00:00-05:00, 12.960481761476213, 13.201767326184546, 12.926012395089307, 13.115593910217285, 12322000.0
2000-01-14 00:00:00-05:00, 13.770513632509967, 13.94286048648381, 13.460289295357052, 13.925625801086426, 20438600.0
2000-01-18 00:00:00-05:00, 13.787744442621866, 13.787744442621866, 13.18453062325716, 13.236234664916992, 17116000.0
2000-01-19 00:00:00-05:00, 13.20175864547491, 13.56368675455451, 12.874299880117178, 13.236227989196777, 15468400.0
2000-01-20 00:00:00-05:00, 13.098363107199532, 13.236240613591105, 12.68473058802481, 12.98202896118164, 12249000.0
2000-01-21 00:00:00-05:00, 12.822598719564247, 12.874302746659266, 12.564078584089163, 12.59854793548584, 12839400.0
2000-01-24 00:00:00-05:00, 12.615787126238851, 12.753664581170424, 12.271093488909921, 12.288328170776367, 12614800.0
2000-01-25 00:00:00-05:00, 12.39173734089014, 12.598553541294425, 12.322798607422044, 12.443441390991211, 15631000.0
2000-01-26 00:00:00-05:00, 12.615784511009641, 13.046651468352866, 12.512376441247268, 12.99494743347168, 15441200.0
2000-01-27 00:00:00-05:00, 13.11559025652997, 13.339641075629693, 12.977712829391677, 13.270702362060547, 12769400.0
2000-01-28 00:00:00-05:00, 13.201767705177348, 13.201767705177348, 12.615788459777832, 12.615788459777832, 13517000.0
2000-01-31 00:00:00-05:00, 12.82260040283203, 13.3568754196167, 12.770896368949643, 13.3568754196167, 16910000.0
2000-02-01 00:00:00-05:00, 13.270704065050397, 13.51198959350586, 13.236234703842474, 13.51198959350586, 8965200.0
2000-02-02 00:00:00-05:00, 13.09835294154302, 13.374107740312347, 13.063883591696854, 13.167291641235352, 11717400.0
2000-02-03 00:00:00-05:00, 13.15006009662777, 13.253468170782117, 12.529611651701691, 12.805366516113281, 22798000.0
2000-02-04 00:00:00-05:00, 12.943250619747984, 12.994954683475338, 12.495148734110902, 12.650260925292969, 13400000.0
2000-02-07 00:00:00-05:00, 12.495145797729492, 12.546849849306303, 12.37450301071693, 12.495145797729492, 10364400.0
2000-02-08 00:00:00-05:00, 12.633020116416466, 13.029417746263094, 12.598550757299368, 12.994948387145996, 10821800.0
2000-02-09 00:00:00-05:00, 12.994946253348237, 13.029415606805395, 12.701956748962402, 12.701956748962402, 9294200.0
2000-02-10 00:00:00-05:00, 12.701960174486166, 12.82260294412172, 12.322797184202997, 12.37450122833252, 11579400.0
2000-02-11 00:00:00-05:00, 12.408974991794445, 12.857076866498133, 12.408974991794445, 12.460679054260254, 13510400.0
2000-02-14 00:00:00-05:00, 12.598556746197286, 12.66749549720247, 12.150454864663592, 12.20215892791748, 13426800.0
2000-02-15 00:00:00-05:00, 12.150453613228994, 12.684728878491546, 12.150453613228994, 12.581320762634277, 13834000.0
2000-02-16 00:00:00-05:00, 12.753664837173737, 12.822603566023325, 12.443440557350591, 12.460675239562988, 11939600.0
2000-02-17 00:00:00-05:00, 12.52961578155432, 12.77090136744395, 12.219391456839082, 12.305564880371094, 12256800.0
2000-02-18 00:00:00-05:00, 12.2883207484654, 12.322790091378348, 11.96086199079241, 12.06427001953125, 14998000.0
2000-02-22 00:00:00-05:00, 11.909164597868253, 12.650255882540229, 11.857460554751604, 12.340031623840332, 13162800.0
2000-02-23 00:00:00-05:00, 12.408971317478867, 12.857073059498939, 12.253859176010382, 12.615787506103516, 13732000.0
2000-02-24 00:00:00-05:00, 12.65025503033541, 12.753663109602456, 12.098745274244493, 12.35726547241211, 11467800.0
2000-02-25 00:00:00-05:00, 12.340031361782517, 12.633020933221486, 12.167684555053711, 12.167684555053711, 10603800.0
2000-02-28 00:00:00-05:00, 12.340030151159585, 12.94324391553191, 12.288326114213385, 12.667489051818848, 13760000.0
2000-02-29 00:00:00-05:00, 12.667489174915396, 12.805366608111754, 12.42620366682177, 12.684723854064941, 11792800.0
2000-03-01 00:00:00-05:00, 12.824119829510138, 12.876392057076076, 12.493062388259197, 12.70215129852295, 9796600.0
2000-03-02 00:00:00-05:00, 12.702146228573358, 12.702146228573358, 12.440785195063619, 12.562753677368164, 10613000.0
2000-03-03 00:00:00-05:00, 12.754420820871989, 12.858965253829957, 12.440787521998088, 12.545331954956055, 12825800.0
2000-03-06 00:00:00-05:00, 12.545332640744327, 12.8066937374265, 12.266547470950009, 12.405940055847168, 9827800.0
2000-03-07 00:00:00-05:00, 12.545325539328836, 12.597597729076039, 12.196844274347479, 12.26654052734375, 8911200.0
2000-03-08 00:00:00-05:00, 12.266550845607988, 12.44079162466492, 12.144582300268135, 12.162006378173828, 8126400.0
2000-03-09 00:00:00-05:00, 12.161995006057452, 12.266539375737029, 11.935482205085036, 12.005178451538086, 13093600.0
2000-03-10 00:00:00-05:00, 11.970337356144764, 12.05745771535979, 11.79609663771471, 11.952913284301758, 12134400.0
2000-03-13 00:00:00-05:00, 11.952907302790198, 12.283964502138614, 11.848362924048594, 12.040027618408203, 10650800.0
2000-03-14 00:00:00-05:00, 12.144577932497624, 12.214274219054282, 11.848368714631828, 11.883216857910156, 8233200.0
2000-03-15 00:00:00-05:00, 11.952911278207555, 12.841538793059721, 11.883215002532875, 12.789266586303711, 20421800.0
2000-03-16 00:00:00-05:00, 13.102899038247045, 13.79986175304742, 12.998354631026988, 13.730165481567383, 27207200.0
2000-03-17 00:00:00-05:00, 13.76501784324646, 14.148347454071045, 13.660473403930663, 13.939258575439453, 20839800.0
2000-03-20 00:00:00-05:00, 13.939258373654459, 14.008954665522731, 13.486232476510688, 13.83471393585205, 10749800.0
2000-03-21 00:00:00-05:00, 13.834714655782662, 14.42713316749124, 13.799866508035098, 14.21804428100586, 13791200.0
2000-03-22 00:00:00-05:00, 14.340011596679688, 14.479404175991275, 13.95668200357282, 14.340011596679688, 11186200.0
2000-03-23 00:00:00-05:00, 14.566524149224831, 15.106670379638672, 14.252890854145829, 15.106670379638672, 15425400.0
2000-03-24 00:00:00-05:00, 15.036970093812222, 15.385451440134638, 14.845305353334894, 15.22863483428955, 16576200.0
2000-03-27 00:00:00-05:00, 15.193786383225792, 15.333178918851717, 14.82788097720774, 15.089241981506348, 10686800.0
2000-03-28 00:00:00-05:00, 14.671064492562827, 15.246058706641893, 14.671064492562827, 14.932425498962402, 10733000.0
2000-03-29 00:00:00-05:00, 14.775614206607525, 14.810462353321222, 14.461980886184252, 14.49682903289795, 11628600.0
2000-03-30 00:00:00-05:00, 14.566532031783025, 14.618804275916219, 14.061233671828829, 14.165778160095215, 10390200.0
2000-03-31 00:00:00-05:00, 14.218044549262283, 14.845311220553265, 14.113500104047118, 14.61879825592041, 10241800.0
2000-04-03 00:00:00-04:00, 14.514256641671464, 15.49000498733005, 14.514256641671464, 15.472580909729004, 17099000.0
2000-04-04 00:00:00-04:00, 15.50742109754094, 15.768782127274775, 14.86273055753081, 15.106667518615723, 18461600.0
2000-04-05 00:00:00-04:00, 15.036973511731183, 15.4028790085404, 14.949853155348036, 15.054397583007812, 9186800.0
2000-04-06 00:00:00-04:00, 15.124098870349908, 15.211219255547775, 14.775617329558434, 14.89758586883545, 8071000.0
2000-04-07 00:00:00-04:00, 14.793037964878971, 15.00212684070765, 14.496828724121677, 14.583949089050293, 7752800.0
2000-04-10 00:00:00-04:00, 14.583954078629173, 15.01955605230388, 14.531681841788208, 14.723346710205078, 10295200.0
2000-04-11 00:00:00-04:00, 14.705919298769823, 14.880160048755247, 14.444558173791686, 14.592662811279297, 7588600.0
2000-04-12 00:00:00-04:00, 14.81046135892573, 15.611968679526418, 14.81046135892573, 15.211215019226074, 15690000.0
2000-04-13 00:00:00-04:00, 15.228638094839965, 15.40287880530724, 14.653643750297952, 14.723340034484863, 12167000.0
2000-04-14 00:00:00-04:00, 14.461986186059754, 14.461986186059754, 13.555934039463239, 13.921839714050293, 19890400.0
2000-04-17 00:00:00-04:00, 13.921831354887589, 14.218040532651155, 13.416533345761506, 14.026375770568848, 13947400.0
2000-04-18 00:00:00-04:00, 14.218045234680176, 14.270317459807677, 13.869563733830171, 14.218045234680176, 11306400.0
2000-04-19 00:00:00-04:00, 14.20061789029166, 14.20061789029166, 13.643047617298613, 13.782440185546875, 7913600.0
2000-04-20 00:00:00-04:00, 13.974109861318581, 13.991533938452395, 13.78244501284663, 13.817293167114258, 6438400.0
2000-04-24 00:00:00-04:00, 13.8172816558949, 14.357427597045898, 13.765009468041578, 14.357427597045898, 8713600.0
2000-04-25 00:00:00-04:00, 14.235470941331652, 14.967282176993745, 14.218046864292079, 14.89758586883545, 9767800.0
2000-04-26 00:00:00-04:00, 14.688500501107477, 14.758196826142388, 14.270322550898012, 14.427139282226562, 7742400.0
2000-04-27 00:00:00-04:00, 14.07864618068788, 14.392279387683402, 13.956677711300733, 14.287734985351562, 8961400.0
2000-04-28 00:00:00-04:00, 14.252893326233844, 14.322589626117628, 13.48623402751222, 13.66047477722168, 13831200.0
2000-05-01 00:00:00-04:00, 13.677897477149962, 14.200619673728943, 13.46880859851837, 13.939258575439453, 9424800.0
2000-05-02 00:00:00-04:00, 13.747585989666225, 14.200611636980954, 13.747585989666225, 13.83470630645752, 8853400.0
2000-05-03 00:00:00-04:00, 13.834719390285258, 14.165776907181252, 13.468813713716001, 13.660478591918945, 7772200.0
2000-05-04 00:00:00-04:00, 13.573348085085552, 13.643044352531433, 13.294563015302023, 13.381683349609375, 10026400.0
2000-05-05 00:00:00-04:00, 13.17259758687364, 13.538503075397907, 13.137749445109424, 13.25971794128418, 8272200.0
2000-05-08 00:00:00-04:00, 13.155173865737618, 13.60819972071666, 13.155173865737618, 13.433959007263184, 9454400.0
2000-05-09 00:00:00-04:00, 13.521079363989921, 13.852136719551531, 13.277142365155052, 13.433959007263184, 9627400.0
2000-05-10 00:00:00-04:00, 13.36426911430974, 13.503661751747131, 12.928667122317899, 12.963515281677246, 13484400.0
2000-05-11 00:00:00-04:00, 13.31199052654659, 13.364262740656065, 12.980933170519908, 13.207446098327637, 13535600.0
2000-05-12 00:00:00-04:00, 13.207446070729343, 13.643047854064745, 12.911236858061272, 13.547215461730957, 11749800.0
2000-05-15 00:00:00-04:00, 13.555926537219388, 14.183193060792522, 13.538502467120134, 14.113496780395508, 10759200.0
2000-05-16 00:00:00-04:00, 14.200619991470433, 14.39228480117126, 13.71274593041378, 13.85213851928711, 10708400.0
2000-05-17 00:00:00-04:00, 13.677891893229708, 13.886980686502008, 13.538499364381506, 13.747588157653809, 6094800.0
2000-05-18 00:00:00-04:00, 13.765022218597602, 14.165776030025127, 13.747598139839884, 14.026383399963379, 9306600.0
2000-05-19 00:00:00-04:00, 13.817290879973214, 13.991531622469724, 13.695322360225658, 13.869563102722168, 9126200.0
2000-05-22 00:00:00-04:00, 13.86956241474816, 14.026379075216417, 13.590777240582366, 14.008955001831055, 8182800.0
2000-05-23 00:00:00-04:00, 14.061226113372694, 14.810461209872106, 14.00895389733785, 14.653644561767578, 14451000.0
2000-05-24 00:00:00-04:00, 14.915011076687435, 15.646822367833312, 14.880162919966201, 15.594550132751465, 22449600.0
2000-05-25 00:00:00-04:00, 15.333181090274099, 15.629390270427121, 15.19378853490797, 15.42030143737793, 14555600.0
2000-05-26 00:00:00-04:00, 15.333182118850115, 15.402878401208524, 15.019548848237271, 15.2286376953125, 10615400.0
2000-05-30 00:00:00-04:00, 15.315765380859375, 15.385461696585697, 15.141524591543568, 15.315765380859375, 8080400.0
2000-05-31 00:00:00-04:00, 15.22784245350181, 15.737781750443554, 15.22784245350181, 15.597108840942383, 11082200.0
2000-06-01 00:00:00-04:00, 15.614684429105752, 16.247712176231662, 15.561932116845261, 15.9839506149292, 13747000.0
2000-06-02 00:00:00-04:00, 16.863154827571307, 17.162084579467773, 16.66972969399124, 17.162084579467773, 17988400.0
2000-06-05 00:00:00-04:00, 16.66973876953125, 16.740075220035603, 16.318056517009495, 16.66973876953125, 8917600.0
2000-06-06 00:00:00-04:00, 16.142220345887843, 16.230140936007057, 15.790537985410984, 15.966379165649414, 12851000.0
2000-06-07 00:00:00-04:00, 15.948786790177628, 16.300468968571842, 15.790529809900232, 16.265300750732422, 8100200.0
2000-06-08 00:00:00-04:00, 16.159804463911687, 16.159804463911687, 15.931210929601727, 15.966379165649414, 6899000.0
2000-06-09 00:00:00-04:00, 16.019123190215655, 16.159796061260362, 15.667441012603897, 15.755361557006836, 6113600.0
2000-06-12 00:00:00-04:00, 15.755369067126106, 15.966378474275116, 15.73778494986369, 15.887249946594238, 5211200.0
2000-06-13 00:00:00-04:00, 15.878448746421121, 15.913616960698908, 15.632271246476607, 15.667439460754395, 7555400.0
2000-06-14 00:00:00-04:00, 15.66744295217223, 15.755363507459393, 15.456433619483041, 15.561938285827637, 8988000.0
2000-06-15 00:00:00-04:00, 15.63227875912663, 15.63227875912663, 14.401390667856816, 14.61240005493164, 21273000.0
2000-06-16 00:00:00-04:00, 14.682734174033007, 14.700318286816279, 13.082579910755157, 13.504598617553711, 34707600.0
2000-06-19 00:00:00-04:00, 13.399091432260912, 13.873862388522125, 13.346339103787445, 13.610100746154785, 20703400.0
2000-06-20 00:00:00-04:00, 13.838694604401736, 13.961783374707725, 13.5045965135712, 13.645269393920898, 10214400.0
2000-06-21 00:00:00-04:00, 13.61010491378664, 13.662857258413721, 13.012245008013068, 13.39909553527832, 10812200.0
2000-06-22 00:00:00-04:00, 13.240834498659094, 13.363923265578899, 12.977072855259511, 13.223250389099121, 7421200.0
2000-06-23 00:00:00-04:00, 13.645271311334696, 13.662855423849303, 13.293589061042566, 13.328757286071777, 9036400.0
2000-06-26 00:00:00-04:00, 13.592514643613177, 13.715603392002945, 13.276000719182338, 13.48701000213623, 7527200.0
2000-06-27 00:00:00-04:00, 13.258426257904539, 13.434267454958976, 12.941912103206553, 13.223258018493652, 14991000.0
2000-06-28 00:00:00-04:00, 13.240835931894088, 13.258420043357425, 12.730896699457263, 12.779253005981445, 11504200.0
2000-06-29 00:00:00-04:00, 12.766058666014114, 13.012236105854607, 12.695722254631116, 12.783642768859863, 7949600.0
2000-06-30 00:00:00-04:00, 12.713317843370659, 12.766070199567217, 12.093477658061094, 12.09787368774414, 14691000.0
2000-07-03 00:00:00-04:00, 12.308881150351631, 12.7308999326494, 12.273712918493484, 12.660563468933105, 5997800.0
2000-07-05 00:00:00-04:00, 12.678147196276434, 13.012245388688712, 12.678147196276434, 12.748483657836914, 8936800.0
2000-07-06 00:00:00-04:00, 12.959488007414064, 12.994656224530521, 12.590221727691276, 12.889151573181152, 7997600.0
2000-07-07 00:00:00-04:00, 13.06499627205066, 13.416678540477326, 12.977075704943992, 13.346342086791992, 9502000.0
2000-07-10 00:00:00-04:00, 13.434262653898658, 13.504599107583992, 13.311173859949326, 13.346342086791992, 6457600.0
2000-07-11 00:00:00-04:00, 13.346342312829313, 13.416678767705884, 13.152917061918744, 13.205669403076172, 7978000.0
2000-07-12 00:00:00-04:00, 13.363923265578899, 13.469427922938733, 13.13532984129926, 13.223250389099121, 7483800.0
2000-07-13 00:00:00-04:00, 13.223249980012845, 13.258418198044794, 12.88915190870933, 12.994656562805176, 8234200.0
2000-07-14 00:00:00-04:00, 13.06499321460724, 13.451843619346619, 13.029824995994568, 13.363923072814941, 10231200.0
2000-07-17 00:00:00-04:00, 13.399086204528809, 13.662847743988037, 13.152908767700195, 13.188076972961426, 12662000.0
2000-07-18 00:00:00-04:00, 13.293584199853846, 13.31116830593831, 12.924317972080129, 13.012238502502441, 10538600.0
2000-07-19 00:00:00-04:00, 13.100161216901023, 13.100161216901023, 12.871567799693356, 12.994656562805176, 8372400.0
2000-07-20 00:00:00-04:00, 12.97706916720368, 13.645265140582731, 12.97706916720368, 13.61009693145752, 13491800.0
2000-07-21 00:00:00-04:00, 13.610097290919377, 13.821106551243709, 13.346335715513964, 13.715601921081543, 9566600.0
2000-07-24 00:00:00-04:00, 13.25842057229345, 13.592518703425512, 13.135331787139531, 13.346341133117676, 6708400.0
2000-07-25 00:00:00-04:00, 13.504600406310718, 13.627689212097405, 13.4166798307488, 13.574936866760254, 6160000.0
2000-07-26 00:00:00-04:00, 13.50459684698705, 13.522180957464899, 13.117746416474402, 13.240835189819336, 11561800.0
2000-07-27 00:00:00-04:00, 13.240839395931062, 13.416680556567595, 12.941909422848951, 13.152918815612793, 7476600.0
2000-07-28 00:00:00-04:00, 13.258420736558975, 13.27600484894168, 12.889154376522187, 13.082579612731934, 8515000.0
2000-07-31 00:00:00-04:00, 13.064992793946278, 13.346338533788998, 12.959488141505258, 13.328754425048828, 10973000.0
2000-08-01 00:00:00-04:00, 13.41667366027832, 13.539762409455186, 13.22324848300039, 13.41667366027832, 7565600.0
2000-08-02 00:00:00-04:00, 13.416667088135979, 13.64526036748823, 13.258410202430573, 13.275994300842285, 10312800.0
2000-08-03 00:00:00-04:00, 13.170496164309752, 13.87386044544779, 13.135327950252849, 13.803524017333984, 12763800.0
2000-08-04 00:00:00-04:00, 14.207962154206776, 14.823406059401377, 14.084873373167856, 14.77065372467041, 20500400.0
2000-08-07 00:00:00-04:00, 14.788229753407771, 14.85856616127178, 14.506884121951739, 14.735477447509766, 9230000.0
2000-08-08 00:00:00-04:00, 14.647557770445601, 14.77064649120565, 14.524469049685555, 14.61238956451416, 8192800.0
2000-08-09 00:00:00-04:00, 14.612399990904036, 15.122339340767113, 14.278301796166158, 14.928914070129395, 10528400.0
2000-08-10 00:00:00-04:00, 14.964076901039883, 15.350927302711888, 14.840988136871516, 15.03441333770752, 8443000.0
2000-08-11 00:00:00-04:00, 15.016835114583804, 15.280596855472279, 14.911330418228415, 15.210260391235352, 6491000.0
2000-08-14 00:00:00-04:00, 15.051999421553178, 15.474018096923828, 14.911326529762961, 15.474018096923828, 7390200.0
2000-08-15 00:00:00-04:00, 15.421262923263708, 15.438847031500039, 15.24542184090038, 15.280590057373047, 9677200.0
2000-08-16 00:00:00-04:00, 15.298174708803122, 15.386095253106589, 14.91132431386787, 15.051997184753418, 6123800.0
2000-08-17 00:00:00-04:00, 15.069585800170898, 15.24542694136309, 15.01683345781324, 15.069585800170898, 6548400.0
2000-08-18 00:00:00-04:00, 14.999250440819319, 15.192675710278888, 14.999250440819319, 15.122339248657227, 6788200.0
2000-08-21 00:00:00-04:00, 15.122339664645096, 15.350933171203685, 14.981666737532118, 15.15750789642334, 7316600.0
2000-08-22 00:00:00-04:00, 15.157504558015773, 15.456434462292187, 15.051999885918216, 15.31576156616211, 7884400.0
2000-08-23 00:00:00-04:00, 15.315759325854351, 15.438848091963399, 15.016829465303807, 15.210254669189453, 6054200.0
2000-08-24 00:00:00-04:00, 15.122332050686792, 15.175084371793838, 14.700313481830415, 14.770649909973145, 8393000.0
2000-08-25 00:00:00-04:00, 14.770646302596383, 14.946487330008244, 14.50688476147859, 14.559637069702148, 7425600.0
2000-08-28 00:00:00-04:00, 14.54205322265625, 14.876151180613286, 14.4541327074044, 14.54205322265625, 7660200.0
2000-08-29 00:00:00-04:00, 14.59482156673872, 14.59482156673872, 14.120050262760472, 14.313475608825684, 9275200.0
2000-08-30 00:00:00-04:00, 14.313474294301626, 14.739681965595969, 14.277956988360431, 14.455543518066406, 8192000.0
2000-08-31 00:00:00-04:00, 14.491049832455024, 15.27242997047956, 14.45553255345391, 15.223593711853027, 11308400.0
2000-09-01 00:00:00-04:00, 15.219157101994469, 15.272433031172978, 14.846225597744896, 14.91726016998291, 7202800.0
2000-09-05 00:00:00-04:00, 14.810708692140668, 15.254674780034573, 14.775191405109156, 15.201398849487305, 7996800.0
2000-09-06 00:00:00-04:00, 15.11261265539067, 15.609854904921738, 15.11261265539067, 15.236923217773438, 8794000.0
2000-09-07 00:00:00-04:00, 15.378982414596383, 15.57432745681412, 15.272430573386709, 15.450016975402832, 5809800.0
2000-09-08 00:00:00-04:00, 15.37899155217176, 15.911751074764316, 15.37899155217176, 15.89399242401123, 9423200.0
2000-09-11 00:00:00-04:00, 15.911736015193371, 16.32018459594052, 15.893977381247844, 16.071563720703125, 10691000.0
2000-09-12 00:00:00-04:00, 16.337955792744953, 16.355714440345764, 16.03605878353119, 16.195886611938477, 8562000.0
2000-09-13 00:00:00-04:00, 16.19588075140522, 16.373467163153084, 16.071570263181716, 16.14260482788086, 7472200.0
2000-09-14 00:00:00-04:00, 16.071576926645392, 16.30243935763588, 15.805197198579446, 16.004981994628906, 7393000.0
2000-09-15 00:00:00-04:00, 15.982780804123585, 16.053815385475247, 15.538814670675707, 15.592090606689453, 11681200.0
2000-09-18 00:00:00-04:00, 15.68088235955022, 15.68088235955022, 15.201398980492625, 15.254674911499023, 8866200.0
2000-09-19 00:00:00-04:00, 15.236917699931151, 15.645366542703199, 15.16588311857949, 15.592090606689453, 7564000.0
2000-09-20 00:00:00-04:00, 15.574322167727729, 15.592080801898456, 15.130356313459549, 15.290184020996094, 7440400.0
2000-09-21 00:00:00-04:00, 15.307937428636372, 15.396730569173705, 14.846213097842234, 15.059316635131836, 8906400.0
2000-09-22 00:00:00-04:00, 14.970537491278215, 15.627607345581055, 14.863985623012889, 15.627607345581055, 11423600.0
2000-09-25 00:00:00-04:00, 15.680883279713717, 15.965021595087919, 15.556572766737505, 15.627607345581055, 8120600.0
2000-09-26 00:00:00-04:00, 15.556568385001258, 15.75191342179922, 15.254671509949864, 15.290188789367676, 9646800.0
2000-09-27 00:00:00-04:00, 15.307948502781553, 15.378983066599565, 14.739671992237458, 14.970534324645996, 10652000.0
2000-09-28 00:00:00-04:00, 15.094850460688273, 15.450023412704468, 14.828470746676127, 15.34347152709961, 8149800.0
2000-09-29 00:00:00-04:00, 15.130355716605175, 15.290183417836921, 14.775183047201299, 14.881734848022461, 9287600.0
2000-10-02 00:00:00-04:00, 14.952780688749746, 15.094849863939768, 14.721918279065962, 15.077091217041016, 6038600.0
2000-10-03 00:00:00-04:00, 15.165883289763947, 15.485538909454522, 15.00605547991866, 15.396745681762695, 9244800.0
2000-10-04 00:00:00-04:00, 15.432258709912052, 15.556569194341723, 14.828464928396505, 14.988292694091797, 8719800.0
2000-10-05 00:00:00-04:00, 14.988298186016747, 15.325712481673522, 14.970539538876917, 15.307953834533691, 7255200.0
2000-10-06 00:00:00-04:00, 15.378978907051732, 15.378978907051732, 14.633116188695874, 14.668633460998535, 8869400.0
2000-10-09 00:00:00-04:00, 14.775190921590118, 14.810708207459326, 14.260190276486616, 14.366742134094238, 6151600.0
2000-10-10 00:00:00-04:00, 14.384497408689368, 14.420014686241688, 13.6208759413145, 13.833979606628418, 12609000.0
2000-10-11 00:00:00-04:00, 13.833978958180543, 13.851737596124291, 12.92828842304934, 13.372254371643066, 17528800.0
2000-10-12 00:00:00-04:00, 13.425534594777924, 13.496569169353469, 12.519843768939731, 12.66191291809082, 13461200.0
2000-10-13 00:00:00-04:00, 12.892773240364638, 13.567601591788684, 12.839497317883792, 13.23018741607666, 9950600.0
2000-10-16 00:00:00-04:00, 13.070360872260762, 13.088119514750247, 12.661912095002615, 12.839498519897461, 16535600.0
2000-10-17 00:00:00-04:00, 12.821737024519178, 12.821737024519178, 12.04035692884211, 12.1469087600708, 16354400.0
2000-10-18 00:00:00-04:00, 11.791741186071325, 12.324500577008283, 11.43656825878002, 11.987086296081543, 17018400.0
2000-10-19 00:00:00-04:00, 12.182434458090059, 12.768469934936958, 12.164675807276517, 12.519848823547363, 11030400.0
2000-10-20 00:00:00-04:00, 12.537605045863561, 12.69743287222726, 12.360018572126116, 12.431053161621094, 8862200.0
2000-10-23 00:00:00-04:00, 12.377773421151298, 12.48432527269636, 12.129152434212822, 12.431049346923828, 7581000.0
2000-10-24 00:00:00-04:00, 12.448810403266648, 12.8927765374773, 12.342258531056093, 12.644155502319336, 8341200.0
2000-10-25 00:00:00-04:00, 12.661910314086482, 12.981565833937193, 12.448806634186008, 12.519841194152832, 9571400.0
2000-10-26 00:00:00-04:00, 12.555355676656497, 12.732942037005245, 12.004837959575378, 12.324493408203125, 12509800.0
2000-10-27 00:00:00-04:00, 12.502084448208231, 12.768464088439941, 12.27122209334075, 12.768464088439941, 9987000.0
2000-10-30 00:00:00-05:00, 12.679670463217066, 13.461050715852291, 12.679670463217066, 13.354498863220215, 13372000.0
2000-10-31 00:00:00-05:00, 13.354497128252246, 13.691911284418193, 13.17691073027017, 13.656394004821777, 11475600.0
2000-11-01 00:00:00-05:00, 13.514315118469318, 13.798453149869461, 13.425521983656772, 13.745177268981934, 8454800.0
2000-11-02 00:00:00-05:00, 13.762952984892172, 14.260195157249566, 13.762952984892172, 13.993815422058105, 10339200.0
2000-11-03 00:00:00-05:00, 13.887255522956897, 13.976048716837695, 13.816220967852258, 13.833979606628418, 7605800.0
2000-11-06 00:00:00-05:00, 13.905013492962429, 14.526565820234058, 13.905013492962429, 14.508807182312012, 12686400.0
2000-11-07 00:00:00-05:00, 14.384504993217647, 14.597608770894945, 14.348987696938098, 14.402263641357422, 8151400.0
2000-11-08 00:00:00-05:00, 14.348982815864758, 14.348982815864758, 13.79846491080064, 13.851740837097168, 11550000.0
2000-11-09 00:00:00-05:00, 13.851745907385745, 14.153642933572357, 13.762952664389681, 14.135884284973145, 9283400.0
2000-11-10 00:00:00-05:00, 14.064847192098929, 14.277950937433761, 13.74519157409668, 13.74519157409668, 8596000.0
2000-11-13 00:00:00-05:00, 13.514330465645973, 13.833986113979254, 13.318985347220078, 13.478813171386719, 10939600.0
2000-11-14 00:00:00-05:00, 13.674155567907182, 13.816224716664658, 12.803982031767633, 13.034844398498535, 18229200.0
2000-11-15 00:00:00-05:00, 12.324500450066157, 12.502086911882673, 11.738465126071658, 11.933810234069824, 40690400.0
2000-11-16 00:00:00-05:00, 11.862776201162765, 12.200190494309611, 11.845017554155037, 11.898293495178223, 17389000.0
2000-11-17 00:00:00-05:00, 11.880534132136855, 12.075879237448522, 11.401050691826399, 11.454326629638672, 15500000.0
2000-11-20 00:00:00-05:00, 11.365533049421204, 11.50760221253897, 10.797256396950145, 11.170187950134277, 18536400.0
2000-11-21 00:00:00-05:00, 11.134666465434366, 11.330011491143742, 10.886045523622434, 11.258976936340332, 15794000.0
2000-11-22 00:00:00-05:00, 11.010359635809058, 11.170187436974029, 10.850531834644089, 10.957083702087402, 12469200.0
2000-11-24 00:00:00-05:00, 11.063636077795953, 11.20570524091372, 11.01036014162679, 11.170187950134277, 6632400.0
2000-11-27 00:00:00-05:00, 11.29449680959146, 11.34777273793859, 11.1879449528972, 11.276738166809082, 9984800.0
2000-11-28 00:00:00-05:00, 11.152430693308512, 11.614155530929565, 11.152430693308512, 11.507603645324707, 11102400.0
2000-11-29 00:00:00-05:00, 11.542897420727895, 11.867034945802938, 11.524889780445948, 11.722973823547363, 12576800.0
2000-11-30 00:00:00-05:00, 11.650935105874504, 11.92104952100297, 11.308790180045115, 11.506874084472656, 14783600.0
2000-12-01 00:00:00-05:00, 11.524889484141609, 11.70496588233132, 11.308797806313953, 11.452858924865723, 10962000.0
2000-12-04 00:00:00-05:00, 11.30879833148076, 11.506882378688227, 11.182744846894192, 11.236767768859863, 10072000.0
2000-12-05 00:00:00-05:00, 11.236763891934986, 11.993084538507533, 11.092702816397358, 11.86703109741211, 18256800.0
2000-12-06 00:00:00-05:00, 11.813010291049356, 12.155155406186456, 10.462437468139749, 10.948643684387207, 34591800.0
2000-12-07 00:00:00-05:00, 11.09270664361807, 11.272783050170313, 10.966653159031502, 11.236767768859863, 22555000.0
2000-12-08 00:00:00-05:00, 11.416842886431866, 11.903049129229437, 11.398835247809734, 11.776995658874512, 15146600.0
2000-12-11 00:00:00-05:00, 11.776997916132427, 12.551326525297096, 11.758990274058828, 12.515311241149902, 18441800.0
2000-12-12 00:00:00-05:00, 12.317227178340335, 12.5333188832235, 12.173166041751559, 12.515311241149902, 12758600.0
2000-12-13 00:00:00-05:00, 12.515306465837458, 12.641359912255965, 12.281207208203089, 12.371245384216309, 14410800.0
2000-12-14 00:00:00-05:00, 12.083128647402788, 12.209182150430834, 11.903052214505578, 12.191174507141113, 11441200.0
2000-12-15 00:00:00-05:00, 11.921055196468428, 12.227185012691937, 11.921055196468428, 12.04710865020752, 15267800.0
2000-12-18 00:00:00-05:00, 12.299221051150354, 12.623358648398828, 12.26320576256719, 12.533320426940918, 13112200.0
2000-12-19 00:00:00-05:00, 12.605341949031851, 13.235609046483445, 12.515303792253054, 12.74940299987793, 22175800.0
2000-12-20 00:00:00-05:00, 12.677376284236797, 12.767414468073707, 12.191170091517488, 12.31722354888916, 17412600.0
2000-12-21 00:00:00-05:00, 12.497296836821802, 13.217602130010379, 12.371243410513802, 13.199594497680664, 15748800.0
2000-12-22 00:00:00-05:00, 13.325650931050783, 13.505727294983902, 13.1995974762976, 13.28963565826416, 9425200.0
2000-12-26 00:00:00-05:00, 13.253616477152919, 13.469708050149977, 12.965494379823507, 13.34365463256836, 7184000.0
2000-12-27 00:00:00-05:00, 13.415691836653787, 13.487722396850586, 13.28963835630939, 13.487722396850586, 7222200.0
2000-12-28 00:00:00-05:00, 13.32565363640779, 13.613775877194984, 13.32565363640779, 13.487722396850586, 7008800.0
2000-12-29 00:00:00-05:00, 13.505722911221456, 13.505722911221456, 13.109555039158959, 13.21760082244873, 7570800.0
2001-01-02 00:00:00-05:00, 13.055537537457472, 13.46971321105957, 12.965499347543972, 13.46971321105957, 7021200.0
2001-01-03 00:00:00-05:00, 13.37967304592586, 14.406108259408732, 13.181589057358991, 14.388100624084473, 20566800.0
2001-01-04 00:00:00-05:00, 14.35208318071458, 14.892312158658665, 14.226029752527625, 14.838289260864258, 22259200.0
2001-01-05 00:00:00-05:00, 13.721819631755352, 14.406109849611918, 13.487720346699158, 13.829865455627441, 30578400.0
2001-01-08 00:00:00-05:00, 13.577751542620092, 14.081965127757178, 13.343652378092159, 13.901888847351074, 11865600.0
2001-01-09 00:00:00-05:00, 13.829867423848903, 14.045959102346542, 13.433699346603232, 13.54174518585205, 11454600.0
2001-01-10 00:00:00-05:00, 13.469711436267986, 14.045955775787471, 13.415688529438032, 13.99193286895752, 14501000.0
2001-01-11 00:00:00-05:00, 14.027946033308991, 14.280052893984633, 13.865877337160363, 14.244037628173828, 14693200.0
2001-01-12 00:00:00-05:00, 14.244034966389844, 14.244034966389844, 13.865874746043211, 14.13598918914795, 8350600.0
2001-01-16 00:00:00-05:00, 13.90189177156226, 14.784265731156237, 13.721815453277774, 14.676219940185547, 21287800.0
2001-01-17 00:00:00-05:00, 14.67622204957363, 14.67622204957363, 14.208023554740606, 14.280054092407227, 16560800.0
2001-01-18 00:00:00-05:00, 14.262049094013785, 14.298064369503718, 13.901896339114446, 14.099980354309082, 11780000.0
2001-01-19 00:00:00-05:00, 14.262050526872219, 14.38810400375114, 13.919905375343719, 14.172012329101562, 11225800.0
2001-01-22 00:00:00-05:00, 14.334077134617504, 14.658214557259608, 14.19001605788768, 14.514153480529785, 8684000.0
2001-01-23 00:00:00-05:00, 14.334077134617504, 14.604191653485925, 14.28005423084382, 14.514153480529785, 8757400.0
2001-01-24 00:00:00-05:00, 14.406112241336444, 14.784272687671525, 14.226035838319739, 14.712242126464844, 11042200.0
2001-01-25 00:00:00-05:00, 14.73024346527544, 15.090396117238164, 14.49614424149967, 14.838289260864258, 8711400.0
2001-01-26 00:00:00-05:00, 14.766269733146551, 15.504583219803878, 14.730254441114486, 15.324506759643555, 11745400.0
2001-01-29 00:00:00-05:00, 15.56148450222253, 15.67961459793989, 15.184045003249643, 15.564366340637207, 13714000.0
2001-01-30 00:00:00-05:00, 15.616226106834924, 16.117558204317373, 15.414540312828551, 15.982141494750977, 15187000.0
2001-01-31 00:00:00-05:00, 15.933159440358835, 16.11755749565152, 15.506738662719727, 15.506738662719727, 15905800.0
2001-02-01 00:00:00-05:00, 15.529790927697578, 15.812150622861266, 15.0111699579079, 15.351154327392578, 12553800.0
2001-02-02 00:00:00-05:00, 15.443355560302734, 15.832321342895256, 15.391493455957066, 15.443355560302734, 9311200.0
2001-02-05 00:00:00-05:00, 15.443354806596972, 15.62775400143728, 15.241670076317387, 15.345393180847168, 9242400.0
2001-02-06 00:00:00-05:00, 14.97947052307089, 15.16386851657957, 14.538642902046794, 14.682703971862793, 13367200.0
2001-02-07 00:00:00-05:00, 14.682706864259377, 14.705757167538088, 14.074768854020283, 14.262048721313477, 14626600.0
2001-02-08 00:00:00-05:00, 14.406104454627403, 14.406104454627403, 13.991209042009611, 14.045951843261719, 11619600.0
2001-02-09 00:00:00-05:00, 14.146799403117825, 14.362891050410454, 14.04883781238121, 14.262048721313477, 10775800.0
2001-02-12 00:00:00-05:00, 14.334075947336148, 14.49542473558471, 14.319670060676152, 14.423394203186035, 8587800.0
2001-02-13 00:00:00-05:00, 14.564574080594484, 14.835409597912626, 14.446444046157447, 14.47525691986084, 9626000.0
2001-02-14 00:00:00-05:00, 14.478141127280605, 14.737451557259565, 14.466615975037316, 14.636608123779297, 8626000.0
2001-02-15 00:00:00-05:00, 14.665423227512518, 14.933377012743433, 14.5069551078927, 14.662541389465332, 10574800.0
2001-02-16 00:00:00-05:00, 14.734565437380525, 14.959300345315489, 14.596266947951417, 14.809477806091309, 8758000.0
2001-02-20 00:00:00-05:00, 14.72304495704503, 14.760501153277477, 14.086295116588621, 14.152563095092773, 11386600.0
2001-02-21 00:00:00-05:00, 14.117990104315792, 14.36289357464896, 13.740549565034923, 13.757837295532227, 13770400.0
2001-02-22 00:00:00-05:00, 13.61377520388272, 13.907660006842553, 13.152780081062827, 13.901897430419922, 14869600.0
2001-02-23 00:00:00-05:00, 13.786647281369863, 14.394585319113476, 13.556149733649276, 14.1583251953125, 9874800.0
2001-02-26 00:00:00-05:00, 14.155437813420424, 14.83828682153779, 13.82985956182163, 14.68846321105957, 12056400.0
2001-02-27 00:00:00-05:00, 14.685587878319215, 15.071671643798847, 14.385940547090476, 14.818123817443848, 12820200.0
2001-02-28 00:00:00-05:00, 14.928815737409186, 14.943380213449926, 14.200580823389226, 14.768604278564453, 12699600.0
2001-03-01 00:00:00-05:00, 14.229712454903126, 14.477313039011689, 13.851030450547182, 14.37244701385498, 13457400.0
2001-03-02 00:00:00-05:00, 14.098626344617553, 14.701604677483816, 14.084060759481218, 14.28796672821045, 11280400.0
2001-03-05 00:00:00-05:00, 14.287970438752192, 14.477311982714633, 14.110280921445561, 14.296710014343262, 8531400.0
2001-03-06 00:00:00-05:00, 14.622952575636917, 14.841422979323132, 14.462741168506614, 14.640429496765137, 8971800.0
2001-03-07 00:00:00-05:00, 14.695776516206603, 15.36575222015381, 14.643343528739624, 15.365752220153809, 11277000.0
2001-03-08 00:00:00-05:00, 15.365751440843505, 15.68617424915918, 15.365751440843505, 15.648306846618652, 13711800.0
2001-03-09 00:00:00-05:00, 15.496837533030652, 15.511402007511684, 15.190979124136254, 15.29293155670166, 8953400.0
2001-03-12 00:00:00-05:00, 15.147282567609082, 15.330798032929023, 14.89968320088699, 15.036590576171875, 14741800.0
2001-03-13 00:00:00-05:00, 15.380316080503789, 15.802692413330078, 15.205540203360878, 15.802692413330078, 16513600.0
2001-03-14 00:00:00-05:00, 15.205545398870097, 15.383234897691414, 14.815211436094868, 15.074462890625, 25571400.0
2001-03-15 00:00:00-05:00, 15.176415399575559, 15.403625451896032, 15.118157494507125, 15.220109939575195, 12948800.0
2001-03-16 00:00:00-05:00, 15.147287238234963, 15.432755210534816, 14.914252272194098, 14.972511291503906, 18050000.0
2001-03-19 00:00:00-05:00, 14.899688898873837, 15.555100414463036, 14.815213370176934, 15.42984390258789, 10553800.0
2001-03-20 00:00:00-05:00, 15.694913242475467, 15.817256128387102, 14.885115568725698, 14.940462112426758, 17218600.0
2001-03-21 00:00:00-05:00, 15.089028199463236, 15.438581203672861, 14.713258692157929, 14.841428756713867, 16723400.0
2001-03-22 00:00:00-05:00, 14.739464470288947, 14.826853491152734, 13.964623078505964, 14.468561172485352, 20123800.0
2001-03-23 00:00:00-05:00, 14.593830287179252, 15.37449836730957, 14.550136849911366, 15.37449836730957, 15785400.0
2001-03-26 00:00:00-05:00, 15.482270162104395, 15.642481573819532, 15.02493885952946, 15.292928695678711, 11939200.0
2001-03-27 00:00:00-05:00, 15.074463243101878, 15.927954680834237, 14.911338216671695, 15.869695663452148, 19161000.0
2001-03-28 00:00:00-05:00, 15.677446448561744, 15.90465546308625, 15.485192410610544, 15.852222442626953, 13029000.0
2001-03-29 00:00:00-05:00, 15.598800648014938, 15.759012199419223, 15.365765563136074, 15.485196113586426, 11123800.0
2001-03-30 00:00:00-05:00, 15.598793123695044, 15.951258589007073, 15.491014657276986, 15.948346138000488, 12760800.0
2001-04-02 00:00:00-04:00, 15.86095911557345, 16.091081650869597, 15.520144545000928, 15.732789039611816, 16126800.0
2001-04-03 00:00:00-04:00, 15.700746418568322, 15.700746418568322, 15.03368291847322, 15.220110893249512, 14116800.0
2001-04-04 00:00:00-04:00, 15.103587661680237, 15.220105661462497, 14.579258885056056, 14.654995918273926, 18445800.0
2001-04-05 00:00:00-04:00, 15.030765579125827, 15.307495020792285, 14.940465176584906, 15.103589057922363, 11382400.0
2001-04-06 00:00:00-04:00, 15.103588553700042, 15.292930036729249, 14.171448945181663, 14.44526481628418, 26638400.0
2001-04-09 00:00:00-04:00, 14.66665744750363, 15.019124151980948, 14.579269439999697, 14.739480972290039, 9621200.0
2001-04-10 00:00:00-04:00, 15.030767499954257, 15.496838490531607, 15.01037701218131, 15.123981475830078, 12583200.0
2001-04-11 00:00:00-04:00, 15.700740615535878, 15.78230254655542, 15.225931278819326, 15.307493209838867, 11780000.0
2001-04-12 00:00:00-04:00, 15.307502698218968, 15.569667797853766, 15.246331212037068, 15.424020767211914, 6576000.0
2001-04-16 00:00:00-04:00, 15.453147781175414, 15.805613284216935, 15.205548304770696, 15.278371810913086, 15241400.0
2001-04-17 00:00:00-04:00, 15.307497876097072, 15.394885844713757, 15.094853411690424, 15.147286415100098, 11540000.0
2001-04-18 00:00:00-04:00, 15.220105766940112, 16.1668109103383, 15.161846766645237, 16.073596954345703, 23188400.0
2001-04-19 00:00:00-04:00, 15.992040788013133, 16.746492280361842, 15.954172257484876, 16.42898178100586, 18648000.0
2001-04-20 00:00:00-04:00, 16.42607016346658, 16.42607016346658, 16.01825918844494, 16.024084091186523, 13803200.0
2001-04-23 00:00:00-04:00, 16.024079228383794, 16.123119212913267, 15.849303308013292, 16.000776290893555, 11155800.0
2001-04-24 00:00:00-04:00, 16.079432494494608, 16.207601482140483, 15.860961947317232, 15.875526428222656, 8100800.0
2001-04-25 00:00:00-04:00, 15.8755263795689, 16.03573789143491, 15.659968284753763, 15.992044448852539, 7681000.0
2001-04-26 00:00:00-04:00, 16.035735148911602, 16.195946633377325, 15.852219610095279, 16.05612564086914, 8984800.0
2001-04-27 00:00:00-04:00, 16.225075949880477, 16.603757925951978, 16.14642643688742, 16.580453872680664, 8606600.0
2001-04-30 00:00:00-04:00, 16.63288865600407, 16.72027775389714, 16.16681865283421, 16.31246566772461, 10037000.0
2001-05-01 00:00:00-04:00, 16.2396346246517, 16.45810504561114, 16.06194517114634, 16.443540573120117, 10729200.0
2001-05-02 00:00:00-04:00, 16.458102101448784, 16.542577582462282, 16.271674220038182, 16.344497680664062, 9048400.0
2001-05-03 00:00:00-04:00, 16.344500502569343, 16.361977424970366, 16.064858632172808, 16.297893524169922, 9332600.0
2001-05-04 00:00:00-04:00, 16.166812063374312, 16.52801700200569, 16.073598100733587, 16.42315101623535, 8610800.0
2001-05-07 00:00:00-04:00, 16.385281577644285, 16.385281577644285, 16.201766112839223, 16.37945556640625, 6231000.0
2001-05-08 00:00:00-04:00, 16.414413328776092, 16.414413328776092, 16.184291957122195, 16.227985382080078, 5066600.0
2001-05-09 00:00:00-04:00, 16.18138017567224, 16.233813180348918, 15.992039757627193, 16.131860733032227, 9901400.0
2001-05-10 00:00:00-04:00, 16.31245804380022, 16.324110066233317, 16.195940041865295, 16.24837303161621, 6182000.0
2001-05-11 00:00:00-04:00, 16.210515981352156, 16.28916440502388, 15.569668783710435, 15.590059280395508, 14266200.0
2001-05-14 00:00:00-04:00, 15.700748479244204, 15.846395492553711, 15.625011410052087, 15.846395492553711, 9414800.0
2001-05-15 00:00:00-04:00, 15.919226712991216, 16.108567255320864, 15.869706126647172, 16.035743713378906, 11294000.0
2001-05-16 00:00:00-04:00, 15.977479005904609, 16.484331167460436, 15.904655489722366, 16.472679138183594, 10060200.0
2001-05-17 00:00:00-04:00, 16.37072290519857, 16.670755367470015, 16.283334928063027, 16.487239837646484, 14768600.0
2001-05-18 00:00:00-04:00, 16.42315777755555, 16.6474543147508, 16.42315777755555, 16.603759765625, 8775400.0
2001-05-21 00:00:00-04:00, 16.443553885453145, 16.536767918297326, 16.312471304516354, 16.4552059173584, 8715400.0
2001-05-22 00:00:00-04:00, 16.428978417854974, 17.122257184753884, 16.428978417854974, 17.08147621154785, 15513000.0
2001-05-23 00:00:00-04:00, 16.90960607835677, 17.279549364185552, 16.886303150511246, 17.072731018066406, 13571400.0
2001-05-24 00:00:00-04:00, 17.186342328595686, 17.477636266368496, 17.1309968804502, 17.47472381591797, 12146400.0
2001-05-25 00:00:00-04:00, 17.477642988773447, 17.477642988773447, 17.058179957074383, 17.10187339782715, 9941600.0
2001-05-29 00:00:00-04:00, 17.186344285909776, 17.39898875135774, 17.171779809602057, 17.361120223999023, 9957200.0
2001-05-30 00:00:00-04:00, 17.36406348356412, 17.599308830195792, 17.13763948688792, 17.28466796875, 11551000.0
2001-05-31 00:00:00-04:00, 17.358175861322074, 17.48168032422118, 17.158217109380956, 17.422868728637695, 12036400.0
2001-06-01 00:00:00-04:00, 17.49637569280091, 17.49637569280091, 17.05529059130173, 17.08469581604004, 11831400.0
2001-06-04 00:00:00-04:00, 17.34935937746328, 17.364062000045692, 17.13763802271428, 17.240558624267578, 9570200.0
2001-06-05 00:00:00-04:00, 17.34935553887991, 17.702224011475906, 17.287603864653548, 17.62870979309082, 14663000.0
2001-06-06 00:00:00-04:00, 17.378769571835193, 17.605193613648698, 17.217038433893695, 17.552263259887695, 11213600.0
2001-06-07 00:00:00-04:00, 17.31995411612356, 17.59930731014314, 17.07588631887827, 17.525793075561523, 11580200.0
2001-06-08 00:00:00-04:00, 17.29054803742215, 17.42287388622211, 17.187628555987853, 17.35818099975586, 5187800.0
2001-06-11 00:00:00-04:00, 17.27584733327406, 17.466984816294985, 17.19057054105006, 17.272907257080078, 5647000.0
2001-06-12 00:00:00-04:00, 17.225860262136777, 17.437580547512102, 16.987673679133753, 17.378768920898438, 9361000.0
2001-06-13 00:00:00-04:00, 17.334661042242047, 17.614015427353095, 17.305254668065977, 17.378768920898438, 8730000.0
2001-06-14 00:00:00-04:00, 17.26114181116515, 17.334656042795547, 16.922975896970055, 16.967084884643555, 10238200.0
2001-06-15 00:00:00-04:00, 16.80535094619364, 17.225852369465883, 16.802409749254416, 17.061180114746094, 19419000.0
2001-06-18 00:00:00-04:00, 17.187629953189276, 17.49050827037856, 16.97296850179181, 17.41993522644043, 9121400.0
2001-06-19 00:00:00-04:00, 17.584606814573487, 17.637537159613654, 17.269965942244898, 17.56108283996582, 11606600.0
2001-06-20 00:00:00-04:00, 17.43757579684823, 17.98158179264345, 17.43757579684823, 17.68458366394043, 16970200.0
2001-06-21 00:00:00-04:00, 17.702228037343453, 18.081561759696246, 17.699286839765904, 18.04921531677246, 17187800.0
2001-06-22 00:00:00-04:00, 18.12271983948004, 18.284450845685278, 17.91393867115499, 18.213876724243164, 14944000.0
2001-06-25 00:00:00-04:00, 18.21388984745987, 18.23153367096728, 17.872783778485502, 17.996288299560547, 9602200.0
2001-06-26 00:00:00-04:00, 17.702228121177516, 17.849256592081417, 17.53755582993939, 17.76103973388672, 11698600.0
2001-06-27 00:00:00-04:00, 17.77574221206042, 17.98158229399944, 17.664000260995543, 17.73751449584961, 10013400.0
2001-06-28 00:00:00-04:00, 17.731627473534765, 18.00216035338988, 17.614005408946408, 17.637529373168945, 10041400.0
2001-06-29 00:00:00-04:00, 17.658122027583246, 17.702231024784677, 17.364065037542765, 17.652240753173828, 13302000.0
2001-07-02 00:00:00-04:00, 17.65223441838406, 17.831609297415323, 17.55519622979839, 17.790441513061523, 7821200.0
2001-07-03 00:00:00-04:00, 17.74633147782275, 17.790440456575546, 17.596362969191514, 17.787500381469727, 4774400.0
2001-07-05 00:00:00-04:00, 17.716932434040164, 17.84925829482464, 17.672823439865898, 17.725753784179688, 4312400.0
2001-07-06 00:00:00-04:00, 17.728695288814915, 17.728695288814915, 17.055304546967445, 17.161165237426758, 8881800.0
2001-07-09 00:00:00-04:00, 17.187626383874477, 17.37582262427829, 17.128814778313767, 17.32583236694336, 6830200.0
2001-07-10 00:00:00-04:00, 17.305247630482857, 17.305247630482857, 16.717133846993374, 16.755361557006836, 11411200.0
2001-07-11 00:00:00-04:00, 16.617160247139577, 16.881811990590453, 16.229005104570565, 16.864168167114258, 13696200.0
2001-07-12 00:00:00-04:00, 17.01119288912182, 17.519912363276877, 16.922976034794516, 17.47580337524414, 11812200.0
2001-07-13 00:00:00-04:00, 17.47579814751678, 17.793378952441277, 17.375818776723584, 17.7169246673584, 9301600.0
2001-07-16 00:00:00-04:00, 18.084499924458058, 18.37561675827019, 18.010985697122862, 18.049213409423828, 19454800.0
2001-07-17 00:00:00-04:00, 18.23152738859782, 18.91668048857131, 18.18153825516011, 18.73142433166504, 23559800.0
2001-07-18 00:00:00-04:00, 18.599098590276522, 18.907859227110272, 18.54028698698733, 18.84316635131836, 24389000.0
2001-07-19 00:00:00-04:00, 18.96667585598202, 19.02548635659435, 18.481481373761543, 18.672618865966797, 15832600.0
2001-07-20 00:00:00-04:00, 18.57851706347318, 18.584398336724917, 18.313865375835825, 18.481477737426758, 9335200.0
2001-07-23 00:00:00-04:00, 18.569696217556558, 18.637329179176607, 18.322688342982463, 18.334449768066406, 5177800.0
2001-07-24 00:00:00-04:00, 18.40796593250779, 18.487361449271738, 18.143315331699622, 18.234472274780273, 9385800.0
2001-07-25 00:00:00-04:00, 18.31974715161143, 18.38738011325438, 18.08450182377982, 18.349153518676758, 11382600.0
2001-07-26 00:00:00-04:00, 18.378557004185467, 18.613802309491422, 18.32268659471846, 18.557931900024414, 7400400.0
2001-07-27 00:00:00-04:00, 18.55793302807055, 18.81964351624016, 18.55793302807055, 18.67261505126953, 5730200.0
2001-07-30 00:00:00-04:00, 18.584401215724775, 18.710845805879856, 18.52558959583477, 18.687320709228516, 4768800.0
2001-07-31 00:00:00-04:00, 18.687317106244464, 18.796117852933854, 18.625565422048172, 18.707901000976562, 7290000.0
2001-08-01 00:00:00-04:00, 18.740246582450855, 18.740246582450855, 18.42266570561933, 18.525585174560547, 6042800.0
2001-08-02 00:00:00-04:00, 18.613805271052644, 18.713784681932225, 18.525588407744376, 18.66085433959961, 7742400.0
2001-08-03 00:00:00-04:00, 18.660854058600627, 18.67261660599481, 18.437371266802373, 18.628507614135742, 6278800.0
2001-08-06 00:00:00-04:00, 18.657918139692775, 18.722609921297913, 18.41679147307909, 18.460899353027344, 6109000.0
2001-08-07 00:00:00-04:00, 18.466780393166186, 18.607927626334742, 18.413850040510663, 18.540294647216797, 5450600.0
2001-08-08 00:00:00-04:00, 18.49618601570569, 18.760836646483117, 18.399146665870383, 18.4697208404541, 7435800.0
2001-08-09 00:00:00-04:00, 18.554992251854298, 18.643210230230032, 18.46089412187583, 18.61380386352539, 8195400.0
2001-08-10 00:00:00-04:00, 18.643204186637444, 18.643204186637444, 18.39913646993054, 18.49617576599121, 8591800.0
2001-08-13 00:00:00-04:00, 18.437369104302135, 18.62850542921732, 18.378557495967417, 18.610862731933594, 6421400.0
2001-08-14 00:00:00-04:00, 18.6726132639143, 18.71378105068736, 18.378556362120374, 18.39620018005371, 7272600.0
2001-08-15 00:00:00-04:00, 18.37856101989746, 18.61086630040617, 18.37856101989746, 18.37856101989746, 8329200.0
2001-08-16 00:00:00-04:00, 18.407965810313947, 18.672617531103654, 18.307986395986536, 18.637331008911133, 9298400.0
2001-08-17 00:00:00-04:00, 18.628502849414616, 18.70201706921773, 18.410901386970654, 18.434425354003906, 10905600.0
2001-08-20 00:00:00-04:00, 18.481479692555894, 18.72554751050083, 18.481479692555894, 18.693201065063477, 7904800.0
2001-08-21 00:00:00-04:00, 18.74319026770122, 19.113701526809947, 18.672616106960486, 18.675556182861328, 18047800.0
2001-08-22 00:00:00-04:00, 18.849050022138055, 19.025483743216547, 18.510885203114565, 19.01078224182129, 11869800.0
2001-08-23 00:00:00-04:00, 19.010779490572393, 19.27248995838387, 18.91079897556203, 19.113698959350586, 10438600.0
2001-08-24 00:00:00-04:00, 19.060766348309205, 19.10781652468531, 18.56086944169253, 18.59615707397461, 12021400.0
2001-08-27 00:00:00-04:00, 18.628505850813735, 18.669674762796454, 18.443250794713183, 18.452072143554688, 7536000.0
2001-08-28 00:00:00-04:00, 18.452071498994712, 18.510883106606062, 18.18741982561269, 18.19036102294922, 9047400.0
2001-08-29 00:00:00-04:00, 18.172716888943555, 18.21682587432154, 17.658117294311523, 17.658117294311523, 12449600.0
2001-08-30 00:00:00-04:00, 17.614015616788134, 17.92277525765742, 17.57284669249887, 17.7110538482666, 13391200.0
2001-08-31 00:00:00-04:00, 17.819849579738182, 18.275638720430234, 17.746335346947614, 18.084501266479492, 8776800.0
2001-09-04 00:00:00-04:00, 17.863953159510235, 18.4638293866763, 17.79926029528512, 18.205059051513672, 13949200.0
2001-09-05 00:00:00-04:00, 18.1753878540016, 18.42761727347034, 18.06262594709663, 18.187257766723633, 15066600.0
2001-09-06 00:00:00-04:00, 18.07153234539644, 18.145717615891538, 17.433538566347657, 17.739181518554688, 17680400.0
2001-09-07 00:00:00-04:00, 17.374188893259785, 17.691701737936974, 17.175372925760577, 17.386058807373047, 16347200.0
2001-09-10 00:00:00-04:00, 17.255491026154743, 17.403861538393468, 17.009195432489413, 17.107120513916016, 16255600.0
2001-09-17 00:00:00-04:00, 16.024011677536155, 16.64716723442735, 16.00917485608197, 16.127870559692383, 30120400.0
2001-09-18 00:00:00-04:00, 16.12787592386316, 16.365269673995563, 15.940929873803244, 16.341529846191406, 17734400.0
2001-09-19 00:00:00-04:00, 16.374170389047833, 16.825216897732222, 16.083364310812613, 16.320756912231445, 28698800.0
2001-09-20 00:00:00-04:00, 16.320759592064263, 16.365271207379035, 15.727277425080109, 15.914224624633789, 21862400.0
2001-09-21 00:00:00-04:00, 14.91124555643867, 15.804436085729213, 14.91124555643867, 15.133801460266113, 27687200.0
2001-09-24 00:00:00-04:00, 15.691670106166464, 16.16645542612018, 15.555168336199465, 15.831137657165527, 17264800.0
2001-09-25 00:00:00-04:00, 15.845976258609488, 16.504740775174067, 15.81630146742705, 16.350435256958008, 14381000.0
2001-09-26 00:00:00-04:00, 16.57299259025432, 16.60266738411064, 16.172392495003994, 16.335599899291992, 11122400.0
2001-09-27 00:00:00-04:00, 16.4988059990101, 16.964689471929013, 16.26141332681854, 16.87863540649414, 13723800.0
2001-09-28 00:00:00-04:00, 17.136786018024445, 17.389015316148434, 17.05666584366142, 17.329668045043945, 17620400.0
2001-10-01 00:00:00-04:00, 17.344520734162472, 17.5492717235771, 17.181313325326666, 17.492891311645508, 10449000.0
2001-10-02 00:00:00-04:00, 17.492887420896626, 17.68576844953758, 17.225819988036935, 17.65015983581543, 13301000.0
2001-10-03 00:00:00-04:00, 17.49288553481331, 17.893485508932724, 17.4483739234768, 17.801496505737305, 16663200.0
2001-10-04 00:00:00-04:00, 17.801506043599847, 17.872723301522974, 17.329687464941966, 17.47509002685547, 16576400.0
2001-10-05 00:00:00-04:00, 17.475081279285362, 17.537396631769138, 16.543314508700913, 16.656076431274414, 20000400.0
2001-10-08 00:00:00-04:00, 16.65904017395076, 16.65904017395076, 15.98247103120387, 16.09819984436035, 15811200.0
2001-10-09 00:00:00-04:00, 16.21689578214585, 16.222829605888695, 15.475043296813965, 15.475043296813965, 20811200.0
2001-10-10 00:00:00-04:00, 15.608584697552894, 16.513646148924963, 15.555171197734946, 16.261415481567383, 15884600.0
2001-10-11 00:00:00-04:00, 16.261412963877827, 16.466165058804915, 16.053693955854744, 16.202064514160156, 16259000.0
2001-10-12 00:00:00-04:00, 16.068529454817604, 16.068529454817604, 15.460209353406455, 15.730243682861328, 14523600.0
2001-10-15 00:00:00-04:00, 15.994342872108339, 16.498801745985524, 15.578904953880619, 16.483964920043945, 22450200.0
2001-10-16 00:00:00-04:00, 16.75103425658916, 17.329679591202137, 16.718392556547688, 17.124927520751953, 20734800.0
2001-10-17 00:00:00-04:00, 17.344509674351894, 17.43649864926845, 16.840049806185316, 16.94390869140625, 15595400.0
2001-10-18 00:00:00-04:00, 16.946891135251224, 17.133838419480558, 16.840064115691604, 16.914249420166016, 9835400.0
2001-10-19 00:00:00-04:00, 16.899408498476088, 17.053714030300796, 16.4097851545712, 16.923147201538086, 11661200.0
2001-10-22 00:00:00-04:00, 16.926117928015056, 17.522567228143348, 16.923149882176144, 17.332653045654297, 11244400.0
2001-10-23 00:00:00-04:00, 17.448374460669523, 17.774790312573128, 17.424635764009214, 17.481016159057617, 13118400.0
2001-10-24 00:00:00-04:00, 17.656091476502898, 17.80742890537438, 17.5878411746999, 17.78962516784668, 11386800.0
2001-10-25 00:00:00-04:00, 17.552235640075086, 18.160554638260038, 17.46914736648532, 18.038890838623047, 13377200.0
2001-10-26 00:00:00-04:00, 17.997344970703125, 18.208030842601833, 17.929093533687293, 17.997344970703125, 9899200.0
2001-10-29 00:00:00-05:00, 17.952836605681092, 17.967673434331616, 17.555203485168725, 17.656095504760742, 11741800.0
2001-10-30 00:00:00-05:00, 17.359352321948034, 17.77479026620439, 17.21394870186511, 17.507722854614258, 11570800.0
2001-10-31 00:00:00-05:00, 17.78962034101736, 17.878642400433268, 17.42462910502832, 17.504749298095703, 9537200.0
2001-11-01 00:00:00-05:00, 17.56706939293278, 17.952832509721432, 17.3148388355107, 17.78962516784668, 11846400.0
2001-11-02 00:00:00-05:00, 17.77478786034149, 18.1664859230048, 17.70653642841298, 18.062625885009766, 9253200.0
2001-11-05 00:00:00-05:00, 18.20507406194281, 18.45136982692596, 18.041866611352198, 18.110116958618164, 9230200.0
2001-11-06 00:00:00-05:00, 18.110106874305014, 18.430587768554688, 18.1012050045683, 18.430587768554688, 9783600.0
2001-11-07 00:00:00-05:00, 18.397944780934854, 18.774806043736437, 18.371238041618923, 18.620500564575195, 9948000.0
2001-11-08 00:00:00-05:00, 18.620496805689715, 19.021096682583067, 18.617529893910092, 18.724355697631836, 10949200.0
2001-11-09 00:00:00-05:00, 18.635340787275766, 18.854929698564266, 18.531481855436414, 18.70952606201172, 8452400.0
2001-11-12 00:00:00-05:00, 18.63533916029298, 18.76590595689452, 18.308924432743837, 18.70062255859375, 9694400.0
2001-11-13 00:00:00-05:00, 18.798544598748393, 19.006264686972347, 18.783707773011606, 18.831186294555664, 8431800.0
2001-11-14 00:00:00-05:00, 18.99143200971949, 19.02110566944365, 18.691723971386228, 18.843061447143555, 7892600.0
2001-11-15 00:00:00-05:00, 18.75403165373337, 18.940978802953143, 18.685781358743284, 18.765901565551758, 9757600.0
2001-11-16 00:00:00-05:00, 18.697655023121648, 18.70062306784016, 18.433555642043764, 18.55818748474121, 10821400.0
2001-11-19 00:00:00-05:00, 18.62643843923892, 18.991429845749632, 18.620503481574833, 18.976593017578125, 8564200.0
2001-11-20 00:00:00-05:00, 18.79855074455002, 18.917247653204306, 18.715463587678585, 18.84602928161621, 7294000.0
2001-11-21 00:00:00-05:00, 18.828225550440788, 19.13090164893415, 18.79855075726833, 18.866802215576172, 8722800.0
2001-11-23 00:00:00-05:00, 18.902408765518423, 19.28520393371582, 18.8816369785611, 19.28520393371582, 4089600.0
2001-11-26 00:00:00-05:00, 19.139792497624992, 19.285194938506052, 19.110118853520234, 19.267391204833984, 7157600.0
2001-11-27 00:00:00-05:00, 19.021106877875717, 19.101228254571787, 18.70656198969699, 18.837127685546875, 13207400.0
2001-11-28 00:00:00-05:00, 18.783700130149956, 18.961745362478634, 18.31188201904297, 18.31188201904297, 15635600.0
2001-11-29 00:00:00-05:00, 18.486963381271845, 18.98252142134139, 18.472126558222897, 18.872726440429688, 15955400.0
2001-11-30 00:00:00-05:00, 18.42762109034168, 18.5848946365414, 18.190228446616292, 18.21396827697754, 17048800.0
2001-12-03 00:00:00-05:00, 18.10120109869242, 18.33265871772172, 17.949863685937206, 18.22879981994629, 10781000.0
2001-12-04 00:00:00-05:00, 18.19023119000451, 18.51664711483609, 17.923164850026954, 18.498842239379883, 8414200.0
2001-12-05 00:00:00-05:00, 18.846399736096632, 18.879357502874072, 18.606698989868164, 18.606698989868164, 9795200.0
2001-12-06 00:00:00-05:00, 18.681605275439022, 18.94227966674537, 18.573741310700868, 18.876361846923828, 9255400.0
2001-12-07 00:00:00-05:00, 18.861376672556244, 18.98122587680278, 18.711564310014857, 18.93029022216797, 6423800.0
2001-12-10 00:00:00-05:00, 18.78647967966491, 18.930299480888923, 18.39996332095016, 18.492847442626953, 7960000.0
2001-12-11 00:00:00-05:00, 18.44190793731813, 18.891345179379393, 18.30707653610415, 18.711570739746094, 9805200.0
2001-12-12 00:00:00-05:00, 18.63667091036057, 18.840415954589844, 18.5827383314188, 18.840415954589844, 7157200.0
2001-12-13 00:00:00-05:00, 18.630665884842028, 18.70557206767173, 18.41193996813661, 18.468868255615234, 10265200.0
2001-12-14 00:00:00-05:00, 18.292093249004786, 18.546775006961212, 18.277112238060965, 18.4029541015625, 9289000.0
2001-12-17 00:00:00-05:00, 18.456887758247003, 18.951269149780273, 18.292094342061894, 18.951269149780273, 11429000.0
2001-12-18 00:00:00-05:00, 18.93029542809796, 19.071119453367043, 18.79546403613585, 18.900333404541016, 8762400.0
2001-12-19 00:00:00-05:00, 18.83142243814061, 19.22393256845224, 18.759513110111648, 19.0291748046875, 8569600.0
2001-12-20 00:00:00-05:00, 19.020187886917643, 19.161011951021585, 18.8793638228137, 18.906330108642578, 9630400.0
2001-12-21 00:00:00-05:00, 18.89135221940584, 18.936296417552015, 18.45689582824707, 18.45689582824707, 15204200.0
2001-12-24 00:00:00-05:00, 18.651648515579677, 18.696592704133796, 18.507828712375964, 18.516817092895508, 3354400.0
2001-12-26 00:00:00-05:00, 18.591718637822726, 18.912317082840055, 18.56475236006529, 18.684602737426758, 4360600.0
2001-12-27 00:00:00-05:00, 18.69659000879916, 19.026176867421547, 18.69659000879916, 18.86138343811035, 6295600.0
2001-12-28 00:00:00-05:00, 18.93628449121869, 19.211939856478708, 18.87635931242497, 19.035160064697266, 7869400.0
2001-12-31 00:00:00-05:00, 19.101083075561004, 19.101083075561004, 18.822431889843987, 18.86138343811035, 5397400.0
2002-01-02 00:00:00-05:00, 18.66962442021731, 18.90632717804906, 18.609699222888764, 18.8643798828125, 8669200.0
2002-01-03 00:00:00-05:00, 18.8643803253564, 19.146028416514397, 18.804455126622052, 18.843406677246094, 8237600.0
2002-01-04 00:00:00-05:00, 18.912320543135316, 19.220934921264497, 18.879361626181687, 19.137039184570312, 10598600.0
2002-01-07 00:00:00-05:00, 18.696579959446417, 18.99021200036942, 18.696579959446417, 18.909313201904297, 10852200.0
2002-01-08 00:00:00-05:00, 18.786474549539513, 18.84340284813095, 18.501830770626608, 18.606698989868164, 11914200.0
2002-01-09 00:00:00-05:00, 18.65164334323636, 18.87636193773318, 18.474864669846408, 18.561756134033203, 8524200.0
2002-01-10 00:00:00-05:00, 18.636661635081833, 18.78048139302278, 18.516811265308792, 18.576736450195312, 10527400.0
2002-01-11 00:00:00-05:00, 18.651649284947855, 18.660637665838166, 18.247156143188477, 18.247156143188477, 9616400.0
2002-01-14 00:00:00-05:00, 18.244161549352825, 18.319067780803923, 18.09734597577657, 18.193225860595703, 9339200.0
2002-01-15 00:00:00-05:00, 18.21719252796168, 18.53179842427369, 18.148278942520246, 18.411949157714844, 12358800.0
2002-01-16 00:00:00-05:00, 18.157266494134642, 18.52280919785164, 18.022436218284554, 18.217191696166992, 10224600.0
2002-01-17 00:00:00-05:00, 18.29209283909702, 18.426924220525706, 18.27711182848891, 18.313066482543945, 8927400.0
2002-01-18 00:00:00-05:00, 18.217191696166992, 18.375993652999448, 18.133297099108596, 18.217191696166992, 8546200.0
2002-01-22 00:00:00-05:00, 18.426924440870184, 18.792467047563935, 18.27711204704197, 18.777484893798828, 16068400.0
2002-01-23 00:00:00-05:00, 18.78049238885698, 18.906334322118106, 18.54678528824146, 18.83442497253418, 10192400.0
2002-01-24 00:00:00-05:00, 19.041157748687397, 19.175989151000977, 18.912318980140867, 19.175989151000977, 14674400.0
2002-01-25 00:00:00-05:00, 19.002203425737306, 19.217933637935253, 18.834414276674774, 18.981229782104492, 11100400.0
2002-01-28 00:00:00-05:00, 18.951273161218797, 19.16700343489399, 18.88535532360067, 19.068126678466797, 9068000.0
2002-01-29 00:00:00-05:00, 19.095091244172202, 19.277861439611353, 17.698839511498168, 17.737791061401367, 28117000.0
2002-01-30 00:00:00-05:00, 17.9924651379931, 18.55875570520581, 17.947522113455165, 18.47486114501953, 27774800.0
2002-01-31 00:00:00-05:00, 18.600716043745024, 18.936295642437383, 18.435921419273498, 18.885358810424805, 15095000.0
2002-02-01 00:00:00-05:00, 18.741526541489886, 18.846395882264954, 18.274112696475456, 18.384973526000977, 14908000.0
2002-02-04 00:00:00-05:00, 18.26213441904559, 18.292096446170113, 17.767752970644477, 17.79771614074707, 14934600.0
2002-02-05 00:00:00-05:00, 17.617936464529603, 17.82767403470999, 17.351270598819635, 17.647899627685547, 17548000.0
2002-02-06 00:00:00-05:00, 17.58798008154861, 17.722811501521228, 17.231425755067896, 17.632923126220703, 13978000.0
2002-02-07 00:00:00-05:00, 17.63292059009493, 18.15726403670072, 17.59397018557695, 17.662883758544922, 13316800.0
2002-02-08 00:00:00-05:00, 17.84265885844785, 18.181235245120817, 17.815692577332694, 18.157264709472656, 11691800.0
2002-02-11 00:00:00-05:00, 18.142278889533635, 18.40594899691594, 17.97748550103635, 18.35201644897461, 10368000.0
2002-02-12 00:00:00-05:00, 18.223177370761075, 18.50182848225594, 18.223177370761075, 18.295087814331055, 12272000.0
2002-02-13 00:00:00-05:00, 18.396960919621833, 18.798458148071514, 18.313065208692056, 18.612689971923828, 12995800.0
2002-02-14 00:00:00-05:00, 18.57673531380003, 18.831415905265857, 18.36699775101641, 18.59471321105957, 13994000.0
2002-02-15 00:00:00-05:00, 18.426937049024193, 18.516824318228586, 18.217199325561523, 18.217199325561523, 15111200.0
2002-02-19 00:00:00-05:00, 17.97748848143978, 18.12730088545178, 17.746777242103953, 17.8426570892334, 13777200.0
2002-02-20 00:00:00-05:00, 17.9175626113399, 18.352018795084415, 17.785728112283987, 18.331045150756836, 14379400.0
2002-02-21 00:00:00-05:00, 18.40295106882481, 18.621678135875086, 18.265123962090467, 18.310068130493164, 11352800.0
2002-02-22 00:00:00-05:00, 18.31007823517869, 18.51681900937314, 17.986482787244793, 18.37299919128418, 11517200.0
2002-02-25 00:00:00-05:00, 18.411948428866697, 19.017190801411346, 18.411948428866697, 18.95127296447754, 13312200.0
2002-02-26 00:00:00-05:00, 18.951267474238804, 19.196959704205728, 18.783477184733997, 19.0681209564209, 13417800.0
2002-02-27 00:00:00-05:00, 19.243556407307008, 19.494611325789915, 19.02577409155402, 19.22540855407715, 14275400.0
2002-02-28 00:00:00-05:00, 19.31010164952608, 19.58232983319963, 19.243556443939564, 19.343374252319336, 13040600.0
2002-03-01 00:00:00-05:00, 19.37362739518754, 19.618632705780982, 19.37362739518754, 19.60048484802246, 12071000.0
2002-03-04 00:00:00-05:00, 19.66098573613487, 20.190319967492346, 19.65191180426014, 20.084453582763672, 26654800.0
2002-03-05 00:00:00-05:00, 19.963459306887426, 20.175192043117402, 19.606536760304223, 19.67610740661621, 18157800.0
2002-03-06 00:00:00-05:00, 19.78197922460178, 20.326435971066516, 19.72753331918387, 20.17519760131836, 14116400.0
2002-03-07 00:00:00-05:00, 20.386923500000716, 20.553284246992174, 20.235685198528476, 20.259883880615234, 15431600.0
2002-03-08 00:00:00-05:00, 20.5381524778149, 20.65611811479359, 20.417161430020467, 20.516979217529297, 13213600.0
2002-03-11 00:00:00-05:00, 20.302230789624257, 20.704522924994315, 20.302230789624257, 20.49279022216797, 13500800.0
2002-03-12 00:00:00-05:00, 20.190313213011798, 20.644028116674985, 20.190313213011798, 20.568408966064453, 12975000.0
2002-03-13 00:00:00-05:00, 20.432296752929688, 20.707549279123832, 20.2901323712599, 20.432296752929688, 9238600.0
2002-03-14 00:00:00-05:00, 20.371798430976707, 20.535136070960366, 20.20543768656407, 20.265932083129883, 8650600.0
2002-03-15 00:00:00-05:00, 20.492793224660964, 20.97675540753826, 20.405074718434186, 20.925334930419922, 19066600.0
2002-03-18 00:00:00-05:00, 20.755938930339873, 20.979770901400926, 20.719640918392418, 20.81340789794922, 10802400.0
2002-03-19 00:00:00-05:00, 20.873912757773642, 21.013051729816898, 20.749896232511926, 20.828540802001953, 10798800.0
2002-03-20 00:00:00-05:00, 20.556308014733236, 20.749892840514384, 20.49581362206906, 20.520009994506836, 7225200.0
2002-03-21 00:00:00-05:00, 20.492780313772315, 20.65309246950218, 20.35061600730628, 20.56839942932129, 6761600.0
2002-03-22 00:00:00-05:00, 20.571427960536035, 21.0069925629236, 20.492783422276254, 20.765012741088867, 9226600.0
2002-03-25 00:00:00-05:00, 20.916253707953437, 20.916253707953437, 20.59865241019392, 20.61377716064453, 6856400.0
2002-03-26 00:00:00-05:00, 20.586557817518724, 20.99792620131509, 20.583534712901972, 20.907184600830078, 9005600.0
2002-03-27 00:00:00-05:00, 20.659152176268748, 20.985825142076337, 20.659152176268748, 20.81039047241211, 11604600.0
2002-03-28 00:00:00-05:00, 20.734769781694332, 21.05539420719588, 20.51396087035915, 20.57445526123047, 8347400.0
2002-04-01 00:00:00-05:00, 20.281055296709734, 20.665199531942402, 20.220558597022574, 20.613779067993164, 10230800.0
2002-04-02 00:00:00-05:00, 20.417165721546517, 20.79526138305664, 20.389943941619922, 20.79526138305664, 8533400.0
2002-04-03 00:00:00-05:00, 20.780138976154472, 20.870882868232, 20.58655416025458, 20.647050857543945, 9998200.0
2002-04-04 00:00:00-05:00, 20.523035294110617, 20.861809891229747, 20.520009882180023, 20.780139923095703, 8415000.0
2002-04-05 00:00:00-05:00, 20.780147797529544, 21.082624489241553, 20.780147797529544, 20.84669303894043, 8954600.0
2002-04-08 00:00:00-04:00, 20.50790318777846, 21.112856056943464, 20.50790318777846, 21.016063690185547, 10931400.0
2002-04-09 00:00:00-04:00, 21.016070093926906, 21.158232123020305, 20.97977207994041, 21.082612991333008, 8511200.0
2002-04-10 00:00:00-04:00, 21.03724103252547, 21.200576308123768, 20.976744349236743, 21.15520668029785, 15897200.0
2002-04-11 00:00:00-04:00, 21.112866473687905, 21.152187598807693, 20.583532452003745, 20.749893188476562, 12846800.0
2002-04-12 00:00:00-04:00, 20.916256706101056, 21.188486099243164, 20.84668607485403, 21.188486099243164, 12408800.0
2002-04-15 00:00:00-04:00, 21.188482406973772, 21.321570514430125, 20.734767600038257, 20.93137550354004, 15707600.0
2002-04-16 00:00:00-04:00, 21.14311498434088, 21.45164010361445, 21.103791549064375, 21.391145706176758, 15885400.0
2002-04-17 00:00:00-04:00, 21.330654551078688, 21.536338786682787, 21.203614898776905, 21.41534996032715, 14004600.0
2002-04-18 00:00:00-04:00, 21.248978000670892, 21.460710666204488, 21.046319262558313, 21.36089515686035, 11307200.0
2002-04-19 00:00:00-04:00, 21.47583763281266, 21.763189466786134, 21.39416996988451, 21.663373947143555, 12846200.0
2002-04-22 00:00:00-04:00, 21.536338401817147, 21.83579197252359, 21.445596783672016, 21.49399185180664, 13940600.0
2002-04-23 00:00:00-04:00, 21.475845522350735, 21.893262534120773, 21.415351105936782, 21.778322219848633, 13752200.0
2002-04-24 00:00:00-04:00, 21.732937702054723, 21.929547903421042, 21.627071380615234, 21.627071380615234, 11599600.0
2002-04-25 00:00:00-04:00, 21.52120804026517, 21.642199127689565, 21.34577107888545, 21.427438735961914, 13122400.0
2002-04-26 00:00:00-04:00, 21.5363359130945, 21.814616176637838, 21.36997514519601, 21.711772918701172, 16733400.0
2002-04-29 00:00:00-04:00, 21.62708293613628, 21.86603979375493, 21.506091800824894, 21.557512283325195, 10507600.0
2002-04-30 00:00:00-04:00, 21.551454786155386, 22.0807887633592, 21.551454786155386, 21.92350196838379, 11827800.0
2002-05-01 00:00:00-04:00, 21.790417688463364, 22.044496961461697, 21.633128541424124, 21.85091209411621, 11877000.0
2002-05-02 00:00:00-04:00, 21.793439348428127, 22.247154235839844, 21.790413936352337, 22.247154235839844, 12411600.0
2002-05-03 00:00:00-04:00, 22.12616958625926, 22.383274302515638, 22.09592237982567, 22.286481857299805, 9504800.0
2002-05-06 00:00:00-04:00, 22.277401288890307, 22.501233319067833, 21.838808849277243, 21.92047882080078, 11719600.0
2002-05-07 00:00:00-04:00, 22.13523455816149, 22.346967225211536, 22.011218061951467, 22.068689346313477, 13897200.0
2002-05-08 00:00:00-04:00, 22.510307974224155, 22.55870533783211, 22.313697723065136, 22.383268356323242, 14052400.0
2002-05-09 00:00:00-04:00, 22.26227848643329, 22.67062145668092, 22.216906532469455, 22.51030921936035, 12211400.0
2002-05-10 00:00:00-04:00, 22.534504673559535, 22.63734560060906, 22.31672117190983, 22.337894439697266, 10408800.0
2002-05-13 00:00:00-04:00, 22.337898562149103, 22.685747146606445, 22.337898562149103, 22.685747146606445, 11854800.0
2002-05-14 00:00:00-04:00, 22.767410569391803, 22.976120142634837, 22.7311148576717, 22.951921463012695, 13379800.0
2002-05-15 00:00:00-04:00, 22.731117616666804, 23.139460577072462, 22.731117616666804, 22.96402359008789, 11209200.0
2002-05-16 00:00:00-04:00, 22.92772075321416, 23.284643133115704, 22.92772075321416, 23.051734924316406, 9952600.0
2002-05-17 00:00:00-04:00, 23.2453141738385, 23.29068610181303, 23.124323135143804, 23.260438919067383, 12060600.0
2002-05-20 00:00:00-04:00, 23.16668122404986, 23.206004658201756, 22.897477240038388, 22.92772674560547, 7851600.0
2002-05-21 00:00:00-04:00, 22.994270721284863, 23.094088555760962, 22.664572326317202, 22.682720184326172, 12468400.0
2002-05-22 00:00:00-04:00, 22.68271881196212, 22.894453809347567, 22.52543200073608, 22.81580924987793, 9651800.0
2002-05-23 00:00:00-04:00, 22.957977948906954, 23.20600870692303, 22.927730745775957, 23.18483543395996, 9762800.0
2002-05-24 00:00:00-04:00, 23.124341833228094, 23.31792672858535, 23.018475454159905, 23.030574798583984, 9245000.0
2002-05-28 00:00:00-04:00, 23.030566270977424, 23.078963630753474, 22.86722864330295, 22.900501251220703, 8244800.0
2002-05-29 00:00:00-04:00, 22.85209463154987, 23.199940671081624, 22.83999529773048, 23.069875717163086, 7656000.0
2002-05-30 00:00:00-04:00, 22.861178853167388, 23.154581484247682, 22.840005586373604, 22.964019775390625, 8542200.0
2002-05-31 00:00:00-04:00, 23.024517291590946, 23.2332245552147, 22.930747985839844, 22.930747985839844, 8579000.0
2002-06-03 00:00:00-04:00, 22.918653447059057, 23.063843246166602, 22.495188007398657, 22.519384384155273, 11843200.0
2002-06-04 00:00:00-04:00, 22.45888144823543, 22.604071192183266, 22.3227679383009, 22.504253387451172, 12731600.0
2002-06-05 00:00:00-04:00, 22.595737250061365, 22.748205115886982, 22.29080151841013, 22.324344635009766, 11502200.0
2002-06-06 00:00:00-04:00, 22.324341421660645, 22.336539128347965, 21.193030299251653, 21.269264221191406, 21196000.0
2002-06-07 00:00:00-04:00, 20.979580642012547, 21.76021542168645, 20.964332923841507, 21.64129066467285, 21196000.0
2002-06-10 00:00:00-04:00, 21.65044363756417, 21.885243199843362, 21.65044363756417, 21.69008445739746, 11071800.0
2002-06-11 00:00:00-04:00, 21.80289779697049, 22.077340332437, 21.54370297376989, 21.56199836730957, 10921000.0
2002-06-12 00:00:00-04:00, 21.51321934824836, 21.85779592832114, 21.42173768732093, 21.69618034362793, 13975400.0
2002-06-13 00:00:00-04:00, 21.711418793434373, 21.787652711004682, 21.223522186279297, 21.223522186279297, 10077200.0
2002-06-14 00:00:00-04:00, 20.949081149142337, 21.815099725815145, 20.888094941217716, 21.680927276611328, 18796200.0
2002-06-17 00:00:00-04:00, 21.680925681937847, 22.464610261148742, 21.680925681937847, 22.370080947875977, 11954800.0
2002-06-18 00:00:00-04:00, 22.321297039743513, 22.604887393901027, 22.199324595074902, 22.56524658203125, 10561800.0
2002-06-19 00:00:00-04:00, 22.367036998135596, 22.699418178388566, 22.306050778177795, 22.489011764526367, 11045000.0
2002-06-20 00:00:00-04:00, 22.412782884146107, 22.458523722674197, 21.879145196428343, 21.985872268676758, 13195000.0
2002-06-21 00:00:00-04:00, 21.741922932032452, 22.077351838428616, 21.42173941937334, 21.424789428710938, 20842200.0
2002-06-24 00:00:00-04:00, 21.345499448831553, 21.757162187192627, 21.16253849027939, 21.455276489257812, 14473000.0
2002-06-25 00:00:00-04:00, 21.589452331030117, 21.937078904749697, 21.333305087698484, 21.354650497436523, 11919400.0
2002-06-26 00:00:00-04:00, 20.766117884095426, 21.025312728594688, 20.375800613347202, 20.567909240722656, 22387200.0
2002-06-27 00:00:00-04:00, 20.821016900780233, 20.970434797459884, 20.644153571214172, 20.918596267700195, 15906000.0
2002-06-28 00:00:00-04:00, 20.97958126184634, 21.497971124325083, 20.946038142059162, 21.455280303955078, 14093000.0
2002-07-01 00:00:00-04:00, 21.455283046608862, 21.717528020390663, 21.116804122924805, 21.116804122924805, 12482600.0
2002-07-02 00:00:00-04:00, 21.11679564212133, 21.473569826024207, 20.918586986683756, 21.189979553222656, 13165000.0
2002-07-03 00:00:00-04:00, 21.116805837961426, 21.308914569786353, 20.769179184292103, 20.979585647583008, 11107400.0
2002-07-05 00:00:00-04:00, 21.345501420465716, 21.619944046880995, 21.28451520414011, 21.595548629760742, 7266800.0
2002-07-08 00:00:00-04:00, 21.59555335565202, 22.092597874254672, 21.574207942619402, 21.937082290649414, 10838800.0
2002-07-09 00:00:00-04:00, 22.04075510729111, 22.16882756085465, 21.354649686304167, 21.418685913085938, 14075400.0
2002-07-10 00:00:00-04:00, 21.516268389652062, 21.552861521629005, 20.65939957251863, 20.76612663269043, 16285600.0
2002-07-11 00:00:00-04:00, 20.62890016981727, 21.26926466209065, 20.52217314218416, 21.0863037109375, 15699600.0
2002-07-12 00:00:00-04:00, 21.089348285847503, 21.247913782267613, 20.772214966533166, 20.921632766723633, 13371800.0
2002-07-15 00:00:00-04:00, 20.461195761063838, 20.735638500632106, 19.744596954646013, 20.671602249145508, 22688200.0
2002-07-16 00:00:00-04:00, 20.445939243370653, 20.695986419759542, 20.076965005790058, 20.21723747253418, 14742200.0
2002-07-17 00:00:00-04:00, 20.506933050889238, 20.647203243138325, 19.637866464957078, 19.82082748413086, 15897000.0
2002-07-18 00:00:00-04:00, 19.790332794211302, 19.942800685805416, 18.93956167993909, 19.092029571533203, 14895000.0
2002-07-19 00:00:00-04:00, 19.012743435514412, 19.0920273814617, 18.61632719549068, 18.759647369384766, 16266800.0
2002-07-22 00:00:00-04:00, 18.637670074705085, 19.04323512312035, 18.14367455537447, 18.378475189208984, 20690000.0
2002-07-23 00:00:00-04:00, 18.448613294990466, 18.66206855749738, 17.472818640128576, 17.655780792236328, 30282400.0
2002-07-24 00:00:00-04:00, 17.56124781266864, 18.14367497977564, 16.805007381671526, 17.991207122802734, 35287800.0
2002-07-25 00:00:00-04:00, 17.808245136347466, 18.60107748175006, 17.683221547343884, 18.280895233154297, 24442600.0
2002-07-26 00:00:00-04:00, 18.29614710016807, 18.84198243450013, 18.23515971051997, 18.799291610717773, 13935400.0
2002-07-29 00:00:00-04:00, 19.2719365918721, 19.66835277167703, 18.86942155844096, 19.60736656188965, 15390800.0
2002-07-30 00:00:00-04:00, 19.37866204889762, 19.86350982206215, 19.149960291050903, 19.60126495361328, 14503200.0
2002-07-31 00:00:00-04:00, 19.698842918494176, 20.278221130371094, 19.601263601602497, 20.278221130371094, 17595800.0
2002-08-01 00:00:00-04:00, 20.201995974022854, 20.208093666139405, 19.653110624515833, 19.75984001159668, 14379600.0
2002-08-02 00:00:00-04:00, 19.68360498170142, 19.738493513632626, 19.113374251442533, 19.366470336914062, 13137200.0
2002-08-05 00:00:00-04:00, 19.369528257367442, 19.43966337387284, 18.845038143906752, 18.9243221282959, 14106800.0
2002-08-06 00:00:00-04:00, 19.287184686657007, 19.98548777899518, 19.256691579324873, 19.43355369567871, 12956800.0
2002-08-07 00:00:00-04:00, 19.775087508054717, 19.897062301635742, 19.50369481373667, 19.897062301635742, 13150400.0
2002-08-08 00:00:00-04:00, 20.046474951480953, 20.9490844651936, 20.019031851513287, 20.854555130004883, 16347800.0
2002-08-09 00:00:00-04:00, 20.811870271405102, 21.159496929380843, 20.47339131603782, 20.982633590698242, 11041200.0
2002-08-12 00:00:00-04:00, 20.68988565860243, 21.000921358574512, 20.400197689889374, 20.872846603393555, 9509400.0
2002-08-13 00:00:00-04:00, 20.87284893876119, 21.34245022303388, 20.525222406821324, 20.540470123291016, 13428400.0
2002-08-14 00:00:00-04:00, 20.54047480080044, 21.132050972120613, 20.278229837832246, 21.040569305419922, 15394400.0
2002-08-15 00:00:00-04:00, 21.16253662109375, 21.400386078850943, 21.08020268480881, 21.16253662109375, 14115400.0
2002-08-16 00:00:00-04:00, 21.02531327255374, 21.208276533615667, 20.91858625458395, 20.952129364013672, 10693800.0
2002-08-19 00:00:00-04:00, 20.952135129083214, 21.43088416411282, 20.952135129083214, 21.375995635986328, 10599200.0
2002-08-20 00:00:00-04:00, 21.193033197207072, 21.284514846633932, 20.924690592816596, 21.043615341186523, 9451800.0
2002-08-21 00:00:00-04:00, 21.101553254073533, 21.318059686792367, 20.76917439879775, 21.205232620239258, 8370000.0
2002-08-22 00:00:00-04:00, 21.10766138581237, 21.525422040592037, 21.07716826397442, 21.452238082885742, 9600400.0
2002-08-23 00:00:00-04:00, 21.33940372012323, 21.449178444166474, 20.97652945166145, 21.162540435791016, 8659400.0
2002-08-26 00:00:00-04:00, 21.421732721194417, 21.802902342567982, 21.11679702409556, 21.650434494018555, 11739000.0
2002-08-27 00:00:00-04:00, 21.77240753173828, 21.982811564243228, 21.683975907333483, 21.77240753173828, 11534200.0
2002-08-28 00:00:00-04:00, 21.56200102095859, 21.70532115858928, 21.193029138161783, 21.348546981811523, 9822600.0
2002-08-29 00:00:00-04:00, 21.055815202003522, 21.64434131307597, 20.918592713835462, 21.455280303955078, 8516400.0
2002-08-30 00:00:00-04:00, 21.391243251772362, 21.68093128265278, 21.290613896275953, 21.369897842407227, 8745600.0
2002-09-03 00:00:00-04:00, 20.949074256738605, 21.06799895159679, 20.354450782447685, 20.470325469970703, 13533600.0
2002-09-04 00:00:00-04:00, 20.59956427218018, 20.876481973785683, 20.494952222382803, 20.72879409790039, 11440200.0
2002-09-05 00:00:00-04:00, 20.430342793807075, 20.728798471427087, 20.15342503377526, 20.71341323852539, 11224600.0
2002-09-06 00:00:00-04:00, 20.938021695527, 21.402625609213974, 20.901098550798462, 21.319551467895508, 12251800.0
2002-09-09 00:00:00-04:00, 21.153392860605397, 21.402617538031794, 20.84570714626932, 21.307235717773438, 11795000.0
2002-09-10 00:00:00-04:00, 21.30724278152166, 21.33801089366433, 20.87340465370362, 21.085708618164062, 9022400.0
2002-09-11 00:00:00-04:00, 21.47032322994737, 21.49186115055736, 21.014949380634082, 21.15032958984375, 6122000.0
2002-09-12 00:00:00-04:00, 21.113395118766416, 21.116470285822643, 20.648789020597714, 20.716480255126953, 8555000.0
2002-09-13 00:00:00-04:00, 20.676489646925667, 21.07648221926678, 20.54418462814732, 21.01494598388672, 9796800.0
2002-09-16 00:00:00-04:00, 20.922633762425, 21.224166870117188, 20.76879086711305, 21.224166870117188, 8329200.0
2002-09-17 00:00:00-04:00, 21.488778208269473, 21.53800907006598, 20.876484036279756, 20.93802261352539, 11468400.0
2002-09-18 00:00:00-04:00, 20.39956283569336, 20.65801769674631, 20.233412276106925, 20.39956283569336, 18397000.0
2002-09-19 00:00:00-04:00, 19.968808636700235, 20.045730085726465, 19.424204636747156, 19.494972229003906, 16487400.0
2002-09-20 00:00:00-04:00, 19.49804760698822, 19.58420042377533, 19.16267005885811, 19.41497230529785, 24144600.0
2002-09-23 00:00:00-04:00, 19.28574863789072, 19.790353230122065, 18.891911136388856, 19.645740509033203, 12708800.0
2002-09-24 00:00:00-04:00, 19.55343370804915, 19.93496464288558, 19.048829148934836, 19.076520919799805, 15573400.0
2002-09-25 00:00:00-04:00, 19.414969213577773, 19.784193500334684, 18.953440615723522, 19.538043975830078, 13811400.0
2002-09-26 00:00:00-04:00, 19.84573853108226, 20.34726565197707, 19.691895596732785, 20.282651901245117, 13685600.0
2002-09-27 00:00:00-04:00, 20.156499703196854, 20.534951965578372, 19.614971976441744, 19.716508865356445, 14120200.0
2002-09-30 00:00:00-04:00, 19.7134330658185, 19.965735378521877, 19.07652342597846, 19.63035774230957, 16546400.0
2002-10-01 00:00:00-04:00, 19.63342977331237, 20.421105781781012, 19.513431334837282, 20.35341453552246, 12892000.0
2002-10-02 00:00:00-04:00, 20.030349594191897, 20.418034446260794, 19.61497414070367, 19.750356674194336, 15673000.0
2002-10-03 00:00:00-04:00, 19.522660106126494, 19.676502973513262, 18.384222652718822, 18.399606704711914, 23276000.0
